,0
Ahr,
Ar,
Arnt,
Brd8,
Cops2,
Crebbp,
Ddx5,
Esr1,
Esr2,
Esrra,
Esrrg,
Hdac1,
Hdac2,
Hdac3,
Hdac4,
Hdac5,
Hdac6,
Hdac7,
Itgb3bp,
Kat2b,
Kat5,
Med1,
Med12,
Med13,
Med14,
Med16,
Med17,
Med24,
Med4,
Mta1,
Ncoa1,
Ncoa2,
Ncoa3,
Ncoa4,
Ncoa6,
Ncor1,
Ncor2,
Nfkb2,
Nono,
Notch2,
Nr0b1,
Nr0b2,
Nr1d1,
Nr1d2,
Nr1h2,
Nr1h3,
Nr1h4,
Nr1i2,
Nr1i3,
Nr2c1,
Nr2c2,
Nr2f1,
Nr2f2,
Nr2f6,
Nr3c1,
Nr3c2,
Nr4a1,
Nr5a1,
Nr6a1,
Nrip1,
Pgr,
Ppara,
Ppard,
Pparg,
Ppargc1a,
Ppargc1b,
Psmc3,
Psmc5,
Rara,
Rarb,
Rarg,
Rbpj,
Rora,
Rxra,
Rxrb,
Rxrg,
Tgs1,
Thra,
Thrb,
Trip4,
Vdr,
Actb,
B2m,
Gapdh,
Gusb,
Hsp90ab1,